{
  "threshold": 0.81,
  "methods_compared": [
    "DPT",
    "Palantir",
    "DC1-rank"
  ],
  "palantir_available": true,
  "n_cells_total": 2730,
  "per_branch": [
    {
      "branch": "Erythroid",
      "n_cells": 1262,
      "mean_pairwise_rho": 0.3807125458479356,
      "min_pairwise_rho": 0.06411756523097474,
      "above_threshold": false,
      "pairs": {
        "DPT\u2194Palantir": 0.08136291140913088,
        "DPT\u2194DC1-rank": 0.9966571609037014,
        "Palantir\u2194DC1-rank": 0.06411756523097474
      }
    },
    {
      "branch": "Monocyte",
      "n_cells": 216,
      "mean_pairwise_rho": -0.32802605413258074,
      "min_pairwise_rho": -0.9940068350420938,
      "above_threshold": false,
      "pairs": {
        "DPT\u2194Palantir": 0.9228842925016968,
        "DPT\u2194DC1-rank": -0.9940068350420938,
        "Palantir\u2194DC1-rank": -0.9129556198573452
      }
    },
    {
      "branch": "DC",
      "n_cells": 30,
      "mean_pairwise_rho": 0.22476826103077494,
      "min_pairwise_rho": -0.16885428253615126,
      "above_threshold": false,
      "pairs": {
        "DPT\u2194Palantir": 0.9319243604004448,
        "DPT\u2194DC1-rank": -0.16885428253615126,
        "Palantir\u2194DC1-rank": -0.08876529477196884
      }
    }
  ],
  "all_branches_above_threshold": false,
  "weakest_branch": "Monocyte",
  "weakest_pair_rho": -0.9940068350420938
}