{
  "dataset": "scvelo.datasets.bonemarrow (Setty 2019 CD34+)",
  "n_cells": 5780,
  "n_genes": 6482,
  "methods_loaded": [
    "scjdo",
    "splicejac",
    "dynamo"
  ],
  "methods_missing": [],
  "T1_instability_peaks": {
    "splicejac": {
      "n_clusters": 10,
      "spearman_rho": 0.11515151515151514,
      "spearman_p": 0.7514196523258483,
      "argmax_match": false,
      "scjdo_argmax": "CLP",
      "splicejac_argmax": "Ery_2"
    },
    "dynamo": {
      "n_clusters": 10,
      "spearman_rho": -0.9030303030303028,
      "spearman_p": 0.00034361219776328223,
      "argmax_match": false,
      "scjdo_argmax": "CLP",
      "dynamo_argmax": "Mega"
    }
  },
  "T2_eigenvector_overlap": {
    "splicejac": {
      "mean_abs_cosine": 0.04599076034501195,
      "median_abs_cosine": 0.019260677509009838,
      "null_mean": 0.009812993651077908,
      "null_95": 0.024095319354892137,
      "frac_above_null_95": 0.4
    },
    "dynamo": {
      "mean_abs_cosine": 0.22626812532544135,
      "median_abs_cosine": 0.25061748176813126,
      "null_mean": 0.009812993651077908,
      "null_95": 0.024095319354892137,
      "frac_above_null_95": 1.0
    }
  },
  "T3_transition_gene_lists": {
    "splicejac": {
      "top_k": 30,
      "mean_jaccard": 0.06905718046261419,
      "median_jaccard": 0.06203007518796992,
      "null_jaccard": 0.002319468068656255,
      "fold_over_null": 29.772852403448397,
      "mean_rank_spearman": 0.05895765741731683
    },
    "dynamo": {
      "top_k": 30,
      "mean_jaccard": 0.3732292315335265,
      "median_jaccard": 0.3643410852713178,
      "null_jaccard": 0.002319468068656255,
      "fold_over_null": 160.91156268848772,
      "mean_rank_spearman": 0.45916770602229695
    }
  }
}